{
  "params": {
    "m": 1630.0,
    "c": 0.19,
    "alpha": 9800.0,
    "window_days": 7
  },
  "leakage": {
    "overlap_count": 0,
    "ok": true
  },
  "test_metrics": {
    "n": 137,
    "bias_mean": -0.2917267615075227,
    "median_resid": -0.31468163265306115,
    "mae": 0.9666163041859078,
    "rmse": 1.2256380847099348,
    "p50_abs": 0.8037214285714284,
    "p80_abs": 1.6149975510204082,
    "within_0p5kg": 0.34306569343065696,
    "within_1p0kg": 0.583941605839416,
    "min": -3.92890306122449,
    "max": 3.182538775510204
  }
}