{
  "params": {
    "m": 1400.0,
    "c": 0.5,
    "alpha": 9500.0,
    "window_days": 7
  },
  "leakage": {
    "overlap_count": 112,
    "ok": false
  },
  "test_metrics": {
    "n": 112,
    "bias_mean": -0.3308233082706767,
    "median_resid": -0.36289473684210527,
    "mae": 0.4822011278195489,
    "rmse": 0.5806514578919423,
    "p50_abs": 0.42318421052631583,
    "p80_abs": 0.7835578947368421,
    "within_0p5kg": 0.5803571428571429,
    "within_1p0kg": 0.9285714285714286,
    "min": -1.3146842105263157,
    "max": 0.8062631578947368
  }
}